City_ID,City,Country,Date,Lat,Lng,Max Temp,Humidity,Cloudiness,Wind Speed
0,East London,ZA,2022-04-11 01:12:25,-33.0153,27.9116,64.54,87,100,13.71
1,Yellowknife,CA,2022-04-11 01:07:37,62.456,-114.3525,18.41,78,43,15.21
2,Puerto Ayora,EC,2022-04-11 01:11:20,-0.7393,-90.3518,77.56,93,100,5.01
3,Mataura,NZ,2022-04-11 01:12:26,-46.1927,168.8643,65.48,45,16,11.63
4,Saskylakh,RU,2022-04-11 01:11:00,71.9167,114.0833,-7.92,96,16,5.1
5,Linhares,BR,2022-04-11 01:11:49,-19.3911,-40.0722,73.81,97,30,4.12
6,Carnarvon,AU,2022-04-11 01:10:32,-24.8667,113.6333,73.47,53,23,11.5
7,Mega,ET,2022-04-11 01:12:27,4.05,38.3,58.87,86,12,5.14
8,Victoria,HK,2022-04-11 01:10:40,22.2855,114.1577,78.96,83,41,1.01
9,Emerald,AU,2022-04-11 01:12:28,-23.5333,148.1667,85.33,51,0,10.6
10,Albany,US,2022-04-11 01:12:28,42.6001,-73.9662,40.39,66,23,4.0
11,Fergus Falls,US,2022-04-11 01:12:29,46.283,-96.0776,40.17,80,100,12.66
12,Sobolevo,RU,2022-04-11 01:12:29,54.4299,31.8996,38.68,74,100,5.88
13,Mocajuba,BR,2022-04-11 01:12:30,-2.5842,-49.5072,72.46,99,95,2.64
14,Luena,AO,2022-04-11 01:12:31,-11.7833,19.9167,61.02,95,100,2.3
15,Ancud,CL,2022-04-11 01:12:31,-41.8697,-73.8203,48.6,79,6,4.21
16,Port-Gentil,GA,2022-04-11 01:11:02,-0.7193,8.7815,79.95,85,0,9.35
17,Ushuaia,AR,2022-04-11 01:12:32,-54.8,-68.3,39.6,76,100,3.06
18,Atuona,PF,2022-04-11 01:12:32,-9.8,-139.0333,79.43,76,17,16.02
19,Masterton,NZ,2022-04-11 01:09:31,-40.9597,175.6575,65.62,58,9,8.81
20,Hervey Bay,AU,2022-04-11 01:12:33,-25.2986,152.8535,80.02,72,0,8.01
21,Jamestown,US,2022-04-11 01:10:25,42.097,-79.2353,35.24,57,0,8.05
22,Chokurdakh,RU,2022-04-11 01:12:33,70.6333,147.9167,-5.62,94,97,2.53
23,Punta Arenas,CL,2022-04-11 01:11:28,-53.15,-70.9167,44.71,87,75,8.05
24,Vila Franca Do Campo,PT,2022-04-11 01:12:31,37.7167,-25.4333,55.81,73,90,21.77
25,Lasa,IT,2022-04-11 01:12:34,46.6166,10.7002,32.68,52,14,2.68
26,Roald,NO,2022-04-11 01:12:34,62.5833,6.1333,40.75,81,40,16.11
27,Jeremoabo,BR,2022-04-11 01:12:34,-10.075,-38.4808,71.31,84,6,5.01
28,Upernavik,GL,2022-04-11 01:09:03,72.7868,-56.1549,3.74,87,100,5.86
29,Dongsheng,CN,2022-04-11 01:12:35,39.8161,109.9776,44.53,25,100,17.05
30,Berbera,SO,2022-04-11 01:12:36,10.4396,45.0143,79.95,79,70,4.74
31,Misratah,LY,2022-04-11 01:12:36,32.3754,15.0925,59.67,65,0,10.87
32,Klaksvik,FO,2022-04-11 01:12:21,62.2266,-6.589,29.32,66,100,9.48
33,Longyearbyen,SJ,2022-04-11 01:12:11,78.2186,15.6401,12.04,52,0,20.71
34,Hasaki,JP,2022-04-11 01:12:37,35.7333,140.8333,73.29,78,100,15.59
35,Arraial Do Cabo,BR,2022-04-11 01:10:36,-22.9661,-42.0278,75.58,81,5,4.38
36,Bilma,NE,2022-04-11 01:12:38,18.6853,12.9164,83.62,7,0,4.54
37,Ponta Delgada,PT,2022-04-11 01:12:39,37.7333,-25.6667,56.12,71,75,11.5
38,Luderitz,NA,2022-04-11 01:12:40,-26.6481,15.1594,74.25,45,0,12.66
39,Manzil Salim,TN,2022-04-11 01:12:40,35.8567,8.4765,50.13,68,100,5.84
40,Miri,MY,2022-04-11 01:12:41,4.4148,114.0089,78.35,86,92,5.61
41,West Wendover,US,2022-04-11 01:12:42,40.7391,-114.0733,51.01,12,0,14.97
42,Kapaa,US,2022-04-11 01:12:42,22.0752,-159.319,79.12,81,75,10.36
43,Iqaluit,CA,2022-04-11 01:12:43,63.7506,-68.5145,23.7,79,100,5.99
44,Caravelas,BR,2022-04-11 01:12:44,-17.7125,-39.2481,77.29,85,11,3.76
45,Vaini,TO,2022-04-11 01:12:44,-21.2,-175.2,84.36,74,40,10.36
46,Oum Hadjer,TD,2022-04-11 01:12:44,13.2954,19.6966,87.03,33,100,6.4
47,Torbay,CA,2022-04-11 01:12:45,47.6666,-52.7314,33.28,95,100,18.41
48,Mantua,IT,2022-04-11 01:12:45,45.1667,10.7833,47.44,71,58,5.01
49,Natal,BR,2022-04-11 01:13:46,-5.795,-35.2094,79.45,94,40,3.44
50,Codrington,AU,2022-04-11 01:13:47,-38.2667,141.9667,61.92,53,19,12.37
51,Rikitea,PF,2022-04-11 01:13:47,-23.1203,-134.9692,79.05,74,0,16.13
52,Esperance,AU,2022-04-11 01:11:07,-33.8667,121.9,66.04,82,96,13.42
53,Rawah,IQ,2022-04-11 01:13:48,34.4816,41.9093,68.83,25,96,8.9
54,Tsaratanana,MG,2022-04-11 01:13:48,-16.7833,47.65,69.06,81,12,10.69
55,Fairbanks,US,2022-04-11 01:12:47,64.8378,-147.7164,27.61,66,100,4.61
56,Butaritari,KI,2022-04-11 01:10:22,3.0707,172.7902,79.63,80,94,6.46
57,Belgrade,RS,2022-04-11 01:13:49,44.804,20.4651,40.69,75,0,11.5
58,Sisimiut,GL,2022-04-11 01:13:50,66.9395,-53.6735,25.21,69,100,10.94
59,Kloulklubed,PW,2022-04-11 01:13:50,7.0419,134.2556,82.9,84,100,24.4
60,Alyangula,AU,2022-04-11 01:13:51,-13.8483,136.4192,89.51,58,97,8.57
61,Busselton,AU,2022-04-11 01:12:11,-33.65,115.3333,59.2,66,28,9.26
62,Georgetown,MY,2022-04-11 01:13:51,5.4112,100.3354,82.33,83,20,0.0
63,Sao Joao Da Barra,BR,2022-04-11 01:13:51,-21.6403,-41.0511,74.77,89,19,8.46
64,Salmo,CA,2022-04-11 01:13:52,49.1999,-117.2689,41.07,79,100,3.0
65,Olinda,BR,2022-04-11 01:13:52,-8.0089,-34.8553,82.13,74,75,6.91
66,Mar Del Plata,AR,2022-04-11 01:09:10,-38.0023,-57.5575,69.1,96,100,13.0
67,Kavieng,PG,2022-04-11 01:13:52,-2.5744,150.7967,84.65,68,100,8.86
68,Hermanus,ZA,2022-04-11 01:10:24,-34.4187,19.2345,61.81,91,11,11.18
69,Hilo,US,2022-04-11 01:13:53,19.7297,-155.09,78.53,79,100,8.05
70,Souillac,MU,2022-04-11 01:13:54,-20.5167,57.5167,77.04,74,91,17.22
71,Zambezi,ZM,2022-04-11 01:13:54,-13.5432,23.1047,60.3,98,96,4.41
72,Nome,US,2022-04-11 01:10:10,64.5011,-165.4064,36.16,86,0,5.75
73,Ylivieska,FI,2022-04-11 01:13:55,64.0833,24.55,30.88,97,100,4.72
74,Palauig,PH,2022-04-11 01:13:56,15.435,119.9045,83.05,67,100,0.74
75,Jodhpur,IN,2022-04-11 01:11:13,26.2867,73.03,78.13,33,97,8.43
76,Cockburn Town,TC,2022-04-11 01:13:56,21.4612,-71.1419,78.1,79,90,20.22
77,Lyuban,BY,2022-04-11 01:13:57,52.7985,28.0048,34.25,78,100,6.96
78,Buala,SB,2022-04-11 01:13:57,-8.145,159.5921,82.58,75,83,4.65
79,Bonavista,CA,2022-04-11 01:13:58,48.6499,-53.1147,31.24,98,100,15.86
80,Port Lincoln,AU,2022-04-11 01:13:41,-34.7333,135.8667,65.28,71,100,14.16
81,Sebu,PH,2022-04-11 01:13:59,6.22,124.6936,76.8,72,78,4.54
82,Saint-Louis,SN,2022-04-11 01:13:59,16.3333,-15.0,73.94,39,8,13.69
83,Lompoc,US,2022-04-11 01:14:00,34.6391,-120.4579,67.12,65,0,16.11
84,Amapa,BR,2022-04-11 01:14:00,1.0,-52.0,71.56,99,100,1.21
85,Nantucket,US,2022-04-11 01:12:12,41.2835,-70.0995,48.34,57,100,10.36
86,Hobart,AU,2022-04-11 01:13:23,-42.8794,147.3294,59.02,57,40,10.36
87,Harper,LR,2022-04-11 01:14:01,4.375,-7.7169,80.33,86,100,6.49
88,Kotli Loharan,PK,2022-04-11 01:14:02,32.5883,74.4932,71.49,60,20,0.0
89,San Alejo,SV,2022-04-11 01:14:02,13.4314,-87.9631,83.26,65,0,2.3
90,Manggar,ID,2022-04-11 01:14:03,-2.8833,108.2667,81.91,77,72,2.86
91,Saint-Philippe,RE,2022-04-11 01:14:03,-21.3585,55.7679,76.59,81,54,14.88
92,Thompson,CA,2022-04-11 01:14:04,55.7435,-97.8558,32.65,84,100,6.02
93,Kodiak,US,2022-04-11 01:09:59,57.79,-152.4072,45.91,31,0,10.36
94,Poum,NC,2022-04-11 01:14:05,-20.2333,164.0167,80.04,78,99,11.52
95,Provideniya,RU,2022-04-11 01:14:06,64.3833,-173.3,27.68,77,86,6.08
96,Kashan,IR,2022-04-11 01:15:06,33.9831,51.4364,64.13,25,21,2.39
97,Severo-Kurilsk,RU,2022-04-11 01:15:07,50.6789,156.125,31.44,79,92,17.34
98,Clyde River,CA,2022-04-11 01:15:07,70.4692,-68.5914,-0.17,92,100,0.0
99,Komsomolskiy,UZ,2022-04-11 01:15:08,40.4272,71.7189,65.71,49,95,3.36
100,Vestmannaeyjar,IS,2022-04-11 01:14:44,63.4427,-20.2734,39.18,78,100,24.36
101,Saint-Augustin,CA,2022-04-11 01:15:08,51.226,-58.6502,35.04,91,100,11.21
102,Bluff,NZ,2022-04-11 01:12:21,-46.6,168.3333,65.8,60,100,21.23
103,Mehamn,NO,2022-04-11 01:15:09,71.0357,27.8492,34.34,95,100,27.02
104,Constitucion,CL,2022-04-11 01:15:09,-35.3333,-72.4167,48.51,86,1,8.95
105,Tuktoyaktuk,CA,2022-04-11 01:10:22,69.4541,-133.0374,1.2,89,58,8.93
106,Dankov,RU,2022-04-11 01:15:10,53.2515,39.1555,46.33,90,100,4.16
107,Ballina,AU,2022-04-11 01:15:10,-28.8667,153.5667,78.98,78,7,7.74
108,Ulaangom,MN,2022-04-11 01:15:11,49.9811,92.0667,32.61,36,100,7.58
109,Kaitangata,NZ,2022-04-11 01:15:12,-46.2817,169.8464,61.72,45,0,5.5
110,Xingyi,CN,2022-04-11 01:15:12,24.1877,102.817,63.75,63,1,3.49
111,Nouakchott,MR,2022-04-11 01:15:13,18.0858,-15.9785,64.33,86,74,14.65
112,Meulaboh,ID,2022-04-11 01:15:13,4.1363,96.1285,77.63,87,100,3.58
113,New Norfolk,AU,2022-04-11 01:14:53,-42.7826,147.0587,58.66,45,83,3.0
114,Bambous Virieux,MU,2022-04-11 01:10:36,-20.3428,57.7575,73.22,72,83,17.36
115,Linkoping,SE,2022-04-11 01:15:14,58.4109,15.6216,35.58,74,8,6.91
116,Narsaq,GL,2022-04-11 01:15:14,60.9167,-46.05,34.02,57,100,2.8
117,Bonthe,SL,2022-04-11 01:15:15,7.5264,-12.505,78.57,91,8,3.11
118,Amuntai,ID,2022-04-11 01:15:16,-2.4177,115.2494,78.89,86,100,1.1
119,Ilulissat,GL,2022-04-11 01:14:29,69.2167,-51.1,19.42,63,100,0.0
120,Nikolskoye,RU,2022-04-11 01:13:30,59.7035,30.7861,36.88,93,2,7.9
121,Bilibino,RU,2022-04-11 01:15:16,68.0546,166.4372,-2.58,85,100,17.31
122,Gamba,GA,2022-04-11 01:15:16,-2.65,10.0,75.2,94,100,1.45
123,Tasiilaq,GL,2022-04-11 01:12:42,65.6145,-37.6368,14.16,90,100,3.83
124,Dashitou,CN,2022-04-11 01:15:17,43.3067,128.5114,62.65,30,100,8.75
125,Polunochnoye,RU,2022-04-11 01:15:18,60.8697,60.4153,33.17,99,100,5.14
126,Akyab,MM,2022-04-11 01:15:18,20.15,92.9,81.39,76,47,4.25
127,Katsuura,JP,2022-04-11 01:14:37,35.1333,140.3,65.59,78,100,13.13
128,Sitka,US,2022-04-11 01:13:39,57.0531,-135.33,51.69,28,20,6.91
129,Qaanaaq,GL,2022-04-11 01:15:19,77.484,-69.3632,-7.73,72,63,7.18
130,Ust-Kut,RU,2022-04-11 01:15:19,56.7938,105.7672,30.83,83,100,4.54
131,Pangnirtung,CA,2022-04-11 01:10:50,66.1451,-65.7125,20.25,94,100,3.58
132,Muzaffarabad,PK,2022-04-11 01:15:20,34.37,73.4711,67.69,35,25,7.58
133,Madhugiri,IN,2022-04-11 01:15:21,13.6606,77.2092,72.09,73,91,4.12
134,Fort Nelson,CA,2022-04-11 01:15:21,58.8053,-122.7002,27.99,50,40,12.66
135,Lebu,CL,2022-04-11 01:15:22,-37.6167,-73.65,49.39,83,3,8.01
136,Bredasdorp,ZA,2022-04-11 01:10:38,-34.5322,20.0403,61.38,95,35,4.09
137,Necochea,AR,2022-04-11 01:14:36,-38.5473,-58.7368,63.68,95,100,7.38
138,Kruisfontein,ZA,2022-04-11 01:11:48,-34.0033,24.7314,62.89,92,82,3.74
139,Ondjiva,AO,2022-04-11 01:15:22,-17.0667,15.7333,71.47,54,49,7.18
140,Lavrentiya,RU,2022-04-11 01:15:23,65.5833,-171.0,29.75,77,99,10.87
141,Dunedin,NZ,2022-04-11 01:15:41,-45.8742,170.5036,60.44,53,0,3.4
142,Zhigansk,RU,2022-04-11 01:16:24,66.7697,123.3711,7.93,90,45,9.4
143,Sur,OM,2022-04-11 01:16:24,22.5667,59.5289,86.36,32,2,7.74
144,Dospat,BG,2022-04-11 01:16:25,41.65,24.1667,29.23,92,96,7.45
145,Laguna,US,2022-04-11 01:16:25,38.421,-121.4238,74.98,30,0,11.5
146,Lewisporte,CA,2022-04-11 01:16:26,49.2499,-55.0482,29.91,98,100,9.19
147,Bathsheba,BB,2022-04-11 01:11:27,13.2167,-59.5167,79.41,73,20,19.57
148,Pisco,PE,2022-04-11 01:16:27,-13.7,-76.2167,68.05,73,0,16.11
149,Cabangahan,PH,2022-04-11 01:16:27,9.0781,122.9469,79.77,80,100,15.52
150,Juneau,US,2022-04-11 01:12:23,58.3019,-134.4197,42.98,51,20,12.66
151,Maarianhamina,AX,2022-04-11 01:16:28,60.0973,19.9348,40.86,48,0,11.5
152,Aransas Pass,US,2022-04-11 01:16:28,27.9095,-97.15,74.01,89,0,20.71
153,Palmas,BR,2022-04-11 01:15:33,-10.2128,-48.3603,75.87,83,3,2.86
154,Avarua,CK,2022-04-11 01:16:29,-21.2078,-159.775,80.65,83,75,4.61
155,Ola,RU,2022-04-11 01:16:30,59.5833,151.2833,17.83,58,12,10.49
156,Medicine Hat,CA,2022-04-11 01:15:52,50.0501,-110.6683,40.71,22,75,18.41
157,Buhovo,BG,2022-04-11 01:16:31,42.7667,23.5667,37.56,75,100,13.8
158,Paslek,PL,2022-04-11 01:16:31,54.0616,19.6593,33.57,87,14,8.1
159,Atocha,BO,2022-04-11 01:16:32,-20.9333,-66.2333,49.48,20,0,11.03
160,Tagusao,PH,2022-04-11 01:16:32,9.1924,117.8141,78.85,79,100,4.92
161,Frederikshavn,DK,2022-04-11 01:16:33,57.4407,10.5366,38.62,73,5,14.05
162,Avera,US,2022-04-11 01:15:06,33.194,-82.5271,62.11,56,0,6.8
163,Katobu,ID,2022-04-11 01:16:33,-4.9408,122.5276,84.51,65,70,3.31
164,Aklavik,CA,2022-04-11 01:16:34,68.2191,-135.0107,12.04,74,87,3.94
165,Novouzensk,RU,2022-04-11 01:16:35,50.4592,48.1431,48.29,87,43,3.94
166,Ponnani,IN,2022-04-11 01:16:35,10.767,75.9252,79.92,87,100,3.44
167,Pontes E Lacerda,BR,2022-04-11 01:16:36,-15.2261,-59.3353,74.68,88,43,2.48
168,Yerofey Pavlovich,RU,2022-04-11 01:16:36,53.9667,121.9667,31.3,49,100,6.93
169,Barrow,US,2022-04-11 01:16:37,71.2906,-156.7887,3.22,78,100,19.57
170,Saint Anthony,US,2022-04-11 01:16:37,45.0205,-93.218,58.08,45,100,18.41
171,Mbalmayo,CM,2022-04-11 01:16:38,3.5167,11.5,68.16,99,100,1.19
172,Inhambane,MZ,2022-04-11 01:16:38,-23.865,35.3833,76.12,87,100,12.3
173,Khatanga,RU,2022-04-11 01:16:39,71.9667,102.5,4.53,94,95,2.86
174,Faanui,PF,2022-04-11 01:13:05,-16.4833,-151.75,81.27,76,6,16.53
175,Basco,PH,2022-04-11 01:16:40,20.4487,121.9702,79.09,80,36,16.6
176,Ellsworth,US,2022-04-11 01:16:40,44.5434,-68.4195,46.29,74,20,8.05
177,Gat,IL,2022-04-11 01:13:00,31.61,34.7642,65.39,79,1,4.5
178,Flin Flon,CA,2022-04-11 01:16:41,54.7682,-101.865,29.12,76,100,8.39
179,Santa Vitoria,BR,2022-04-11 01:15:29,-18.8386,-50.1214,75.18,76,17,3.0
180,Gazanjyk,TM,2022-04-11 01:15:35,39.2446,55.5154,58.78,80,99,1.97
181,Gotsu,JP,2022-04-11 01:16:42,35.0,132.2167,69.67,46,100,2.46
182,Geraldton,AU,2022-04-11 01:12:54,-28.7667,114.6,64.81,88,75,6.91
183,Nabire,ID,2022-04-11 01:16:42,-3.3667,135.4833,83.25,72,29,3.38
184,Coquimbo,CL,2022-04-11 01:16:15,-29.9533,-71.3436,55.13,94,0,2.3
185,Rudnogorsk,RU,2022-04-11 01:17:43,57.2639,103.7519,26.44,82,100,4.94
186,Bagdarin,RU,2022-04-11 01:13:40,54.4333,113.6,30.11,56,67,4.03
187,Hay River,CA,2022-04-11 01:14:58,60.8156,-115.7999,18.54,88,100,13.09
188,Yar-Sale,RU,2022-04-11 01:17:43,66.8333,70.8333,33.64,100,100,9.8
189,Homer,US,2022-04-11 01:17:44,59.6425,-151.5483,45.81,32,0,8.05
190,Margate,GB,2022-04-11 01:17:44,51.3813,1.3862,46.69,77,91,3.0
191,Cabo San Lucas,MX,2022-04-11 01:15:28,22.8909,-109.9124,78.62,66,0,13.8
192,Tuatapere,NZ,2022-04-11 01:17:45,-46.1333,167.6833,61.72,60,100,10.8
193,Qandala,SO,2022-04-11 01:17:45,11.472,49.8728,81.77,55,0,3.38
194,Humberto De Campos,BR,2022-04-11 01:17:46,-2.5983,-43.4611,75.07,94,100,3.69
195,Hofn,IS,2022-04-11 01:17:46,64.2539,-15.2082,35.67,70,100,5.77
196,North Bend,US,2022-04-11 01:16:03,43.4065,-124.2243,50.23,93,100,12.66
197,Tiksi,RU,2022-04-11 01:14:09,71.6872,128.8694,-3.6,87,100,2.26
198,Tutoia,BR,2022-04-11 01:17:47,-2.7619,-42.2744,76.35,90,100,6.22
199,Marsh Harbour,BS,2022-04-11 01:17:48,26.5412,-77.0636,68.88,57,0,12.15
200,Grand Gaube,MU,2022-04-11 01:13:06,-20.0064,57.6608,73.38,86,26,1.01
201,Dukat,RU,2022-04-11 01:17:48,62.55,155.55,-0.8,84,86,4.83
202,Kichera,RU,2022-04-11 01:15:22,55.9375,110.0997,26.98,90,100,3.33
203,Camacha,PT,2022-04-11 01:17:48,33.0833,-16.3333,56.62,82,75,14.97
204,Mitsamiouli,KM,2022-04-11 01:17:49,-11.3847,43.2844,82.02,72,8,5.12
205,San Patricio,US,2022-04-11 01:16:55,28.017,-97.5169,75.18,77,100,25.66
206,Walvis Bay,NA,2022-04-11 01:17:49,-22.9575,14.5053,54.55,100,0,4.61
207,Arlit,NE,2022-04-11 01:17:50,18.7369,7.3853,81.84,10,0,1.39
208,Waitati,NZ,2022-04-11 01:17:50,-45.75,170.5667,63.84,46,0,3.47
209,Solnechnyy,RU,2022-04-11 01:17:51,50.7214,136.6319,30.97,86,100,5.93
210,Norman Wells,CA,2022-04-11 01:14:40,65.282,-126.8329,15.08,80,54,13.6
211,Saldanha,ZA,2022-04-11 01:17:51,-33.0117,17.9442,66.69,49,23,8.01
212,Pineville,US,2022-04-11 01:17:52,31.3224,-92.4343,71.53,56,0,16.11
213,Cape Town,ZA,2022-04-11 01:17:15,-33.9258,18.4232,67.12,76,0,5.01
214,Xuddur,SO,2022-04-11 01:17:52,4.1213,43.8894,74.48,74,6,13.38
215,Biltine,TD,2022-04-11 01:17:53,14.5333,20.9167,84.56,18,100,7.43
216,Hobyo,SO,2022-04-11 01:17:53,5.3505,48.5268,81.95,74,45,10.4
217,Port Alfred,ZA,2022-04-11 01:17:54,-33.5906,26.891,64.18,90,100,5.99
218,Huarmey,PE,2022-04-11 01:17:55,-10.0681,-78.1522,68.86,87,56,7.96
219,Lebedinyy,RU,2022-04-11 01:17:55,58.5167,125.5167,21.58,90,100,6.91
220,Hualmay,PE,2022-04-11 01:17:56,-11.0964,-77.6139,68.32,87,13,6.87
221,Coihaique,CL,2022-04-11 01:14:57,-45.5752,-72.0662,49.95,76,100,1.14
222,Tripoli,LY,2022-04-11 01:17:57,32.8752,13.1875,58.59,61,2,5.3
223,Maniitsoq,GL,2022-04-11 01:17:57,65.4167,-52.9,27.5,81,100,10.6
224,Lichinga,MZ,2022-04-11 01:17:58,-13.3128,35.2406,62.69,100,75,12.66
225,Mount Gambier,AU,2022-04-11 01:17:58,-37.8333,140.7667,62.98,47,7,9.22
226,Quatre Cocos,MU,2022-04-11 01:17:59,-20.2078,57.7625,77.11,74,85,17.67
227,Lagoa,PT,2022-04-11 01:18:00,39.05,-27.9833,56.8,66,100,29.8
228,Qarchi Gak,AF,2022-04-11 01:18:00,37.04,66.7889,71.28,33,100,17.36
229,Sochaczew,PL,2022-04-11 01:18:01,52.2294,20.2384,38.19,93,18,7.29
230,Merauke,ID,2022-04-11 01:18:01,-8.4667,140.3333,85.44,69,100,3.02
231,Hambantota,LK,2022-04-11 01:19:02,6.1241,81.1185,79.75,82,93,9.66
232,Kudahuvadhoo,MV,2022-04-11 01:19:02,2.6708,72.8944,84.11,70,23,11.39
233,Palmer,US,2022-04-11 01:19:03,42.1584,-72.3287,44.15,63,75,11.5
234,Brenham,US,2022-04-11 01:19:03,30.1669,-96.3977,74.98,69,100,12.66
235,Masaki,JP,2022-04-11 01:19:04,33.7876,132.7112,66.15,63,75,11.5
236,Los Llanos De Aridane,ES,2022-04-11 01:19:04,28.6585,-17.9182,61.12,82,75,5.01
237,Lincoln,US,2022-04-11 01:17:43,40.8,-96.667,57.29,47,20,4.61
238,Kayseri,TR,2022-04-11 01:19:05,38.737,35.4968,41.02,87,0,0.0
239,Mahebourg,MU,2022-04-11 01:19:06,-20.4081,57.7,77.29,78,40,11.5
240,Krasnoselkup,RU,2022-04-11 01:19:06,65.7,82.4667,16.99,95,100,11.3
241,Llanes,ES,2022-04-11 01:19:07,43.4198,-4.7549,60.67,69,66,10.49
242,Ribeira Grande,PT,2022-04-11 01:19:07,38.5167,-28.7,57.87,67,100,28.34
243,Gorontalo,ID,2022-04-11 01:19:08,0.5412,123.0595,85.78,64,100,4.23
244,Povenets,RU,2022-04-11 01:19:08,62.8487,34.8262,32.36,90,50,12.46
245,Acapulco,MX,2022-04-11 01:18:17,16.8634,-99.8901,82.22,74,40,8.05
246,Peleduy,RU,2022-04-11 01:19:09,59.6289,112.7406,25.21,78,73,2.19
247,Sao Mateus Do Sul,BR,2022-04-11 01:18:50,-25.8742,-50.3828,62.31,96,100,3.74
248,Pevek,RU,2022-04-11 01:19:10,69.7008,170.3133,-7.85,89,88,7.63
249,Lumphat,KH,2022-04-11 01:19:10,13.4878,106.9816,82.31,59,56,2.86
250,Qui Nhon,VN,2022-04-11 01:19:11,13.7667,109.2333,77.22,77,58,2.21
251,Kavaratti,IN,2022-04-11 01:17:23,10.5669,72.642,83.35,75,98,8.1
252,Rawson,AR,2022-04-11 01:19:12,-43.3002,-65.1023,54.25,65,76,8.28
253,Shido,JP,2022-04-11 01:19:12,34.3233,134.1733,68.4,63,75,5.75
254,Madaoua,NE,2022-04-11 01:19:13,14.073,5.96,88.38,22,37,2.89
255,Vanimo,PG,2022-04-11 01:19:13,-2.6741,141.3028,85.32,64,0,8.57
256,Qeshm,IR,2022-04-11 01:19:14,26.9581,56.2719,73.27,78,0,5.06
257,Mosquera,CO,2022-04-11 01:14:39,4.7059,-74.2302,53.69,94,40,0.0
258,Waingapu,ID,2022-04-11 01:19:15,-9.6567,120.2641,82.17,69,81,5.01
259,Port Hardy,CA,2022-04-11 01:19:15,50.6996,-127.4199,44.78,61,75,13.8
260,Nanortalik,GL,2022-04-11 01:19:16,60.1432,-45.2371,30.47,74,100,2.95
261,Gizo,SB,2022-04-11 01:19:17,-8.103,156.8419,83.97,69,48,5.46
262,Moundsville,US,2022-04-11 01:19:17,39.9203,-80.7431,51.75,77,0,0.56
263,Batemans Bay,AU,2022-04-11 01:19:18,-35.7167,150.1833,71.1,50,23,6.26
264,Airai,TL,2022-04-11 01:19:19,-8.9266,125.4092,72.12,45,82,2.64
265,Guerrero Negro,MX,2022-04-11 01:19:19,27.9769,-114.0611,63.93,71,0,14.52
266,Asosa,ET,2022-04-11 01:19:20,10.0667,34.5333,72.05,45,85,3.56
267,Surab,PK,2022-04-11 01:19:20,28.4914,66.2585,63.99,16,100,1.61
268,Igaracu Do Tiete,BR,2022-04-11 01:19:21,-22.5092,-48.5578,70.38,79,100,7.96
269,Mangai,CD,2022-04-11 01:19:21,-4.05,19.5333,70.14,89,100,2.01
270,Sumenep,ID,2022-04-11 01:19:22,-7.0167,113.8667,83.1,74,10,5.1
271,Samarai,PG,2022-04-11 01:14:27,-10.6167,150.6667,85.51,70,56,16.69
272,Tual,ID,2022-04-11 01:19:22,-5.6667,132.75,79.03,83,100,9.46
273,La Ronge,CA,2022-04-11 01:17:21,55.1001,-105.2842,21.42,79,75,17.27
274,Quelimane,MZ,2022-04-11 01:19:23,-17.8786,36.8883,71.04,99,71,5.79
275,San Cristobal,VE,2022-04-11 01:20:23,7.7669,-72.225,73.58,67,50,1.39
276,Conde,BR,2022-04-11 01:20:24,-7.2597,-34.9075,76.46,94,20,4.61
277,Zhezkazgan,KZ,2022-04-11 01:20:24,47.8043,67.7144,48.18,43,40,17.9
278,Saint-Francois,FR,2022-04-11 01:20:25,46.4154,3.9054,39.67,85,0,4.61
279,Benicarlo,ES,2022-04-11 01:20:26,40.4165,0.4271,51.91,87,82,5.68
280,Mareeba,AU,2022-04-11 01:20:26,-17.0,145.4333,84.67,85,45,7.67
281,Tikrit,IQ,2022-04-11 01:20:27,34.6071,43.6782,69.51,29,0,6.33
282,Begunitsy,RU,2022-04-11 01:20:27,59.5855,29.3176,30.6,91,4,9.04
283,Pinega,RU,2022-04-11 01:20:28,64.7001,43.3936,30.27,94,100,7.76
284,Peniche,PT,2022-04-11 01:20:27,39.3558,-9.3811,57.07,93,83,19.46
285,Changji,CN,2022-04-11 01:20:28,44.0167,87.3167,57.99,33,0,6.71
286,Vardo,NO,2022-04-11 01:20:29,70.3705,31.1107,34.39,100,100,16.49
287,Tinnanur,IN,2022-04-11 01:20:30,13.1114,80.0261,83.95,85,76,2.66
288,Bethel,US,2022-04-11 01:20:30,41.3712,-73.414,44.49,64,31,13.0
289,Hithadhoo,MV,2022-04-11 01:20:31,-0.6,73.0833,83.57,66,16,12.86
290,Dingle,PH,2022-04-11 01:20:31,10.9995,122.6711,72.21,96,100,15.03
291,Arari,BR,2022-04-11 01:20:32,-3.4536,-44.78,73.9,98,100,2.8
292,Price,US,2022-04-11 01:20:33,39.5994,-110.8107,47.46,14,0,8.05
293,Junnar,IN,2022-04-11 01:20:33,19.2,73.8833,70.61,70,100,5.61
294,Manokwari,ID,2022-04-11 01:16:15,-0.8667,134.0833,78.82,86,100,15.03
295,Neiafu,TO,2022-04-11 01:15:39,-18.65,-173.9833,86.68,74,20,8.05
296,Gayeri,BF,2022-04-11 01:20:34,12.6497,0.4931,90.84,31,100,12.35
297,Saint-Pierre,RE,2022-04-11 01:20:34,-21.3393,55.4781,72.28,78,20,8.05
298,Kungurtug,RU,2022-04-11 01:20:35,50.5994,97.5228,19.94,67,100,1.83
299,Port Elizabeth,ZA,2022-04-11 01:20:35,-33.918,25.5701,65.1,96,20,10.36
300,Ahipara,NZ,2022-04-11 01:20:36,-35.1667,173.1667,70.56,57,100,10.22
301,Kalat,PK,2022-04-11 01:20:36,29.0225,66.5916,61.07,18,100,3.27
302,Georgiyevka,KZ,2022-04-11 01:20:37,43.0369,74.7114,50.04,93,40,2.24
303,Lukovetskiy,RU,2022-04-11 01:20:38,64.2956,41.9211,30.07,93,79,7.65
304,Nhulunbuy,AU,2022-04-11 01:20:38,-12.2333,136.7667,88.41,70,40,13.8
305,Dikson,RU,2022-04-11 01:20:39,73.5069,80.5464,-6.68,100,99,4.76
306,Mariental,NA,2022-04-11 01:20:39,-24.6333,17.9667,61.09,71,0,12.19
307,Udachnyy,RU,2022-04-11 01:19:32,66.4167,112.4,18.73,93,96,3.87
308,Maceio,BR,2022-04-11 01:20:15,-9.6658,-35.7353,74.64,88,0,4.61
309,Poronaysk,RU,2022-04-11 01:20:40,49.2167,143.1167,31.55,90,100,13.47
310,Sarangani,PH,2022-04-11 01:20:41,5.4033,125.4636,82.27,79,87,20.69
311,Tomino,ES,2022-04-11 01:20:41,41.9877,-8.755,56.34,97,100,6.49
312,Suclayin,PH,2022-04-11 01:20:42,15.7568,121.5503,83.19,69,100,2.82
313,Camargo,MX,2022-04-11 01:20:43,27.6667,-105.1667,79.52,15,100,7.23
314,Erdenet,MN,2022-04-11 01:20:43,49.0333,104.0833,22.62,76,89,3.22
315,Yashan,CN,2022-04-11 01:20:43,22.1975,109.9419,71.69,84,92,2.15
316,Warrington,GB,2022-04-11 01:17:38,53.3925,-2.5802,49.44,63,100,9.22
317,Richards Bay,ZA,2022-04-11 01:20:44,-28.783,32.0377,64.72,97,100,7.96
318,Tagab,AF,2022-04-11 01:20:45,34.855,69.6492,67.59,29,70,3.87
319,Opuwo,NA,2022-04-11 01:20:45,-18.0607,13.84,66.13,43,0,3.11
320,Palmares Do Sul,BR,2022-04-11 01:21:46,-30.2578,-50.5097,71.69,84,100,18.12
321,College,US,2022-04-11 01:18:47,64.8569,-147.8028,27.59,65,75,4.61
322,Mananara,MG,2022-04-11 01:21:46,-16.1667,49.7667,74.93,92,100,7.85
323,Karachi,PK,2022-04-11 01:18:01,24.9056,67.0822,76.82,88,100,6.91
324,Kaniv,UA,2022-04-11 01:21:47,49.7518,31.46,35.11,97,100,18.48
325,Marzuq,YE,2022-04-11 01:21:47,14.4,46.4667,68.76,34,5,5.46
326,Bengkulu,ID,2022-04-11 01:21:48,-3.8004,102.2655,77.68,86,71,3.09
327,Alpena,US,2022-04-11 01:17:43,45.0617,-83.4327,43.05,73,0,9.22
328,Chapayevka,UA,2022-04-11 01:21:49,47.4711,36.3451,51.73,63,78,8.93
329,Vadso,NO,2022-04-11 01:21:49,70.0744,29.7487,32.88,100,100,13.8
330,Beyneu,KZ,2022-04-11 01:21:49,45.3167,55.2,53.02,71,0,3.49
331,Tomatlan,MX,2022-04-11 01:21:50,19.9333,-105.25,81.7,45,0,6.73
332,Awjilah,LY,2022-04-11 01:21:51,29.1081,21.2869,65.46,34,0,17.58
333,Mattru,SL,2022-04-11 01:21:51,7.6244,-11.8332,77.77,91,79,2.08
334,San Policarpo,PH,2022-04-11 01:21:52,12.1791,125.5072,80.74,85,100,9.57
335,Barahona,DO,2022-04-11 01:21:52,18.2085,-71.1008,76.86,82,9,5.68
336,Cherskiy,RU,2022-04-11 01:21:53,68.75,161.3,-5.46,83,100,7.78
337,Heishan,CN,2022-04-11 01:21:54,41.6892,122.1128,59.52,67,100,15.28
338,Batagay-Alyta,RU,2022-04-11 01:21:54,67.8006,130.4114,8.46,60,14,3.56
339,Tromso,NO,2022-04-11 01:21:55,69.6496,18.957,35.62,75,100,10.36
340,Port Hawkesbury,CA,2022-04-11 01:21:56,45.6169,-61.3485,37.9,99,100,8.01
341,Arica,CL,2022-04-11 01:19:35,-18.475,-70.3042,64.63,72,100,4.61
342,Paris,FR,2022-04-11 01:21:56,48.8534,2.3488,45.37,75,0,8.05
343,Lata,PT,2022-04-11 01:21:57,40.1629,-8.3327,52.97,84,93,6.62
344,Jacareacanga,BR,2022-04-11 01:21:57,-6.2222,-57.7528,74.41,98,100,2.26
345,Lagos,NG,2022-04-11 01:21:58,6.5833,3.75,80.92,88,99,5.3
346,Baruun-Urt,MN,2022-04-11 01:21:59,46.6806,113.2792,33.53,47,100,18.45
347,Ponta Do Sol,PT,2022-04-11 01:21:59,32.6667,-17.1,62.71,76,22,15.99
348,Wattegama,LK,2022-04-11 01:22:00,6.7989,81.4808,74.86,92,85,1.48
349,Burgos,ES,2022-04-11 01:22:00,42.3394,-3.7079,55.81,71,0,21.85
350,Tabou,CI,2022-04-11 01:22:01,4.423,-7.3528,80.11,87,100,5.86
351,Saint George,US,2022-04-11 01:22:02,37.1041,-113.5841,69.64,8,0,5.75
352,Uyutne,UA,2022-04-11 01:22:02,45.1994,33.3014,50.23,92,100,7.52
353,Itoman,JP,2022-04-11 01:22:03,26.1247,127.6694,77.02,88,75,13.8
354,Podyuga,RU,2022-04-11 01:22:04,61.095,40.8647,32.05,93,100,6.13
355,Yueyang,CN,2022-04-11 01:21:16,29.3333,113.0919,78.6,49,0,12.55
356,Lorengau,PG,2022-04-11 01:22:04,-2.0226,147.2712,85.06,73,35,10.51
357,Prince Rupert,CA,2022-04-11 01:21:23,54.3161,-130.3201,46.49,61,0,11.5
358,Soe,ID,2022-04-11 01:22:05,-9.8607,124.284,76.89,54,14,2.57
359,Minab,IR,2022-04-11 01:22:05,27.1467,57.0801,77.32,47,0,3.44
360,Saint-Paul,RE,2022-04-11 01:22:06,-21.0096,55.2707,77.09,80,18,3.56
361,Dawson Creek,CA,2022-04-11 01:22:07,55.7666,-120.2362,37.04,30,0,13.8
362,Semporna,MY,2022-04-11 01:22:07,4.4818,118.6112,82.92,72,100,1.21
363,Port Macquarie,AU,2022-04-11 01:23:08,-31.4333,152.9167,79.9,63,0,3.8
364,Kagadi,UG,2022-04-11 01:23:08,0.9606,30.7967,63.86,97,100,2.86
365,Chuy,UY,2022-04-11 01:23:09,-33.6971,-53.4616,68.58,88,100,11.74
366,Ayagoz,KZ,2022-04-11 01:23:09,47.9714,80.4392,32.45,67,100,15.08
367,Sorong,ID,2022-04-11 01:23:09,-0.8833,131.25,78.58,88,100,12.1
368,Balabac,PH,2022-04-11 01:23:10,7.9868,117.0645,80.91,80,98,10.63
369,Vagur,FO,2022-04-11 01:23:10,61.4732,-6.8119,36.61,66,100,15.39
370,San Jose,US,2022-04-11 01:23:11,37.3394,-121.895,65.52,43,75,20.71
371,Borogontsy,RU,2022-04-11 01:23:11,62.6683,131.1683,19.31,71,8,4.99
372,Husavik,IS,2022-04-11 01:23:12,66.0449,-17.3389,30.72,84,100,0.85
373,Kambove,CD,2022-04-11 01:23:12,-10.8764,26.5969,58.68,99,99,3.49
374,Sergeyevka,KZ,2022-04-11 01:23:13,53.88,67.4158,39.29,60,100,13.4
375,Tapes,BR,2022-04-11 01:21:18,-30.6733,-51.3958,71.42,88,100,14.79
376,Arkhangelsk,RU,2022-04-11 01:23:14,64.5401,40.5433,32.11,92,0,11.18
377,Panalingaan,PH,2022-04-11 01:23:15,8.7842,117.4231,79.25,79,98,3.33
378,Benguela,AO,2022-04-11 01:23:15,-12.5763,13.4055,75.22,90,85,3.24
379,Suez,EG,2022-04-11 01:23:16,29.9737,32.5263,62.98,66,0,13.85
380,Salalah,OM,2022-04-11 01:23:16,17.0151,54.0924,77.09,88,0,4.61
381,Aljezur,PT,2022-04-11 01:23:17,37.3191,-8.8033,55.81,96,34,7.63
382,Muzhi,RU,2022-04-11 01:23:18,65.3667,64.6667,34.25,100,100,10.13
383,Yulara,AU,2022-04-11 01:23:18,-25.2406,130.9889,87.64,14,1,12.66
384,Camacari,BR,2022-04-11 01:23:19,-12.6975,-38.3242,82.17,85,0,6.02
385,Plettenberg Bay,ZA,2022-04-11 01:23:19,-34.0527,23.3716,63.9,75,4,4.12
386,Beringovskiy,RU,2022-04-11 01:23:20,63.05,179.3167,31.23,85,100,9.73
387,Santa Cruz,BO,2022-04-11 01:23:21,-17.8,-63.1667,78.26,83,11,13.8
388,Pemangkat,ID,2022-04-11 01:23:21,1.1667,108.9667,80.92,75,45,4.21
389,Digras,IN,2022-04-11 01:23:22,20.1167,77.7167,87.93,27,100,4.81
390,Santa Fe,AR,2022-04-11 01:23:22,-31.6333,-60.7,72.01,93,80,3.0
391,Mindelo,CV,2022-04-11 01:23:22,16.8901,-24.9804,69.35,60,40,23.02
392,Mbanza-Ngungu,CD,2022-04-11 01:23:23,-5.25,14.8667,68.97,94,100,1.25
393,Talara,PE,2022-04-11 01:23:23,-4.5772,-81.2719,69.67,87,100,12.57
394,Valleyview,CA,2022-04-11 01:23:23,55.0667,-117.2859,33.84,44,50,17.27
395,Nusaybin,TR,2022-04-11 01:23:24,37.0778,41.2178,57.81,50,50,7.36
396,Ambulu,ID,2022-04-11 01:23:24,-8.345,113.6058,79.84,79,7,2.06
397,San Andres,CO,2022-04-11 01:23:25,12.5847,-81.7006,80.62,78,40,11.5
398,Isparta,TR,2022-04-11 01:23:26,38.0,31.0,43.0,72,0,13.8
399,Panyutyne,UA,2022-04-11 01:23:26,48.9333,36.2833,51.75,69,100,9.06
400,Djambala,CG,2022-04-11 01:23:26,-2.5447,14.7533,70.23,88,100,1.12
401,Korsakovo,RU,2022-04-11 01:23:27,53.2677,37.3569,39.31,98,100,10.74
402,Candolim,IN,2022-04-11 01:23:27,15.5181,73.7626,78.8,83,40,4.61
403,Pangai,TO,2022-04-11 01:23:28,-19.8,-174.35,86.11,66,20,6.91
404,Mayo,US,2022-04-11 01:23:29,38.8876,-76.5119,49.08,60,0,3.44
405,Kampot,KH,2022-04-11 01:23:30,10.6167,104.1833,78.85,76,60,3.15
406,Rafsanjan,IR,2022-04-11 01:23:30,30.4067,55.9939,61.03,23,0,5.1
407,Sovetskiy,RU,2022-04-11 01:23:31,61.3614,63.5842,32.2,97,60,7.63
408,Colares,PT,2022-04-11 01:24:31,38.7992,-9.4469,58.33,80,98,15.99
409,Chester,US,2022-04-11 01:20:59,40.1254,-75.8749,44.08,61,40,9.22
410,Abapo,BO,2022-04-11 01:24:32,-18.8333,-63.4667,69.69,74,98,2.42
411,Isangel,VU,2022-04-11 01:22:39,-19.55,169.2667,84.58,67,7,10.29
412,Kushikino,JP,2022-04-11 01:24:33,31.7167,130.2667,62.08,94,100,7.63
413,Russell,US,2022-04-11 01:19:38,32.3502,-85.1999,67.6,65,0,0.0
414,Saint-Denis,FR,2022-04-11 01:24:33,48.9167,2.3333,45.37,70,0,11.5
415,Mugur-Aksy,RU,2022-04-11 01:24:34,50.35,90.5,19.98,74,100,7.76
416,Novoagansk,RU,2022-04-11 01:24:34,61.9449,76.6625,25.81,93,100,8.93
417,Namatanai,PG,2022-04-11 01:23:12,-3.6667,152.4333,85.28,64,95,5.55
418,San Ignacio,BZ,2022-04-11 01:24:35,17.1561,-89.0714,80.74,74,75,0.0
419,Ambilobe,MG,2022-04-11 01:24:35,-13.2,49.05,72.0,94,4,2.93
420,Rincon,US,2022-04-11 01:22:43,32.296,-81.2354,64.85,55,0,10.36
421,Bhawanipatna,IN,2022-04-11 01:24:36,19.9,83.1667,81.43,51,9,4.61
422,Jawhar,SO,2022-04-11 01:24:37,2.7809,45.5005,77.86,78,7,5.32
423,Galle,LK,2022-04-11 01:24:37,6.0367,80.217,80.87,81,100,8.57
424,Port Moresby,PG,2022-04-11 01:24:37,-9.4431,147.1797,89.02,70,40,11.5
425,Tucupita,VE,2022-04-11 01:24:38,9.0622,-62.051,76.96,77,76,6.49
426,Penzance,GB,2022-04-11 01:24:39,50.1186,-5.5371,50.68,79,100,29.44
427,Marystown,CA,2022-04-11 01:24:39,47.1666,-55.1483,39.85,100,100,7.0
428,Venice,US,2022-04-11 01:24:40,27.0998,-82.4543,69.82,58,0,0.0
429,Yarmouth,US,2022-04-11 01:24:41,41.7057,-70.2286,48.34,69,100,20.0
430,Waddan,LY,2022-04-11 01:24:41,29.1614,16.139,59.34,34,0,6.85
431,Sinnamary,GF,2022-04-11 01:22:44,5.3833,-52.95,77.76,88,100,11.21
432,Ostrovnoy,RU,2022-04-11 01:24:42,68.0531,39.5131,34.43,77,81,22.66
433,Kirkwall,GB,2022-04-11 01:24:42,58.9848,-2.9587,39.96,87,75,5.75
434,Yenagoa,NG,2022-04-11 01:24:43,4.9247,6.2642,77.97,89,85,3.6
435,Sao Simao,BR,2022-04-11 01:24:44,-21.4792,-47.5508,73.85,90,95,2.71
436,Belmonte,BR,2022-04-11 01:24:44,-15.8631,-38.8828,77.5,79,39,7.4
437,Naples,IT,2022-04-11 01:20:35,40.8333,14.25,53.74,43,0,1.99
438,Nanchang,CN,2022-04-11 01:24:45,28.6833,115.8833,78.3,49,29,4.47
439,Pontiac,US,2022-04-11 01:24:45,42.6389,-83.2911,48.34,59,75,8.05
440,Fez,MA,2022-04-11 01:24:46,34.0372,-4.9998,61.05,63,0,6.91
441,Hirara,JP,2022-04-11 01:24:46,24.8,125.2833,78.66,88,75,16.11
442,Talnakh,RU,2022-04-11 01:24:47,69.4865,88.3972,-0.04,96,96,6.78
443,Sivas,TR,2022-04-11 01:24:48,39.7916,37.0019,43.43,81,0,13.8
444,Padang,ID,2022-04-11 01:20:07,-0.9492,100.3543,82.45,78,32,1.63
445,Sao Filipe,CV,2022-04-11 01:24:48,14.8961,-24.4956,71.89,75,79,7.47
446,Shadegan,IR,2022-04-11 01:24:49,30.6497,48.6647,64.35,20,70,8.75
447,Byron Bay,AU,2022-04-11 01:24:49,-28.65,153.6167,78.69,67,16,8.84
448,Thomasville,US,2022-04-11 01:24:50,35.8826,-80.082,55.49,57,4,5.48
449,Vilhena,BR,2022-04-11 01:24:51,-12.7406,-60.1458,70.05,95,100,1.92
450,Rio Gallegos,AR,2022-04-11 01:22:39,-51.6226,-69.2181,46.45,76,75,12.66
451,Bangkok,TH,2022-04-11 01:20:46,13.75,100.5167,91.9,61,63,7.65
452,Leningradskiy,RU,2022-04-11 01:24:51,69.3833,178.4167,1.42,89,95,5.3
453,Labuan,MY,2022-04-11 01:24:52,5.2767,115.2417,79.16,94,20,0.0
454,Grindavik,IS,2022-04-11 01:24:53,63.8424,-22.4338,37.35,75,100,13.8
455,Cidreira,BR,2022-04-11 01:24:53,-30.1811,-50.2056,72.03,87,100,20.02
456,Petropavlovsk-Kamchatskiy,RU,2022-04-11 01:25:54,53.0452,158.6483,36.19,44,75,17.9
457,Vila Velha,BR,2022-04-11 01:23:57,-20.3297,-40.2925,78.75,82,40,9.22
458,Rio Claro,BR,2022-04-11 01:24:47,-22.4114,-47.5614,68.05,79,100,4.81
459,Pochutla,MX,2022-04-11 01:25:54,15.7432,-96.4661,80.82,63,0,5.88
460,Panguipulli,CL,2022-04-11 01:25:55,-39.6333,-72.3333,44.04,98,96,0.11
461,Caldwell,US,2022-04-11 01:25:55,43.6629,-116.6874,43.16,68,100,0.0
462,Miranda,CO,2022-04-11 01:22:31,3.2499,-76.2281,73.53,95,100,3.04
463,Sinop,TR,2022-04-11 01:25:56,41.7711,34.8709,55.81,64,0,10.22
464,Hailar,CN,2022-04-11 01:25:57,49.2,119.7,33.64,49,100,8.41
465,Praxedis Guerrero,MX,2022-04-11 01:25:57,31.3667,-106.0167,80.06,14,6,24.94
466,Matara,LK,2022-04-11 01:25:58,5.9485,80.5353,78.89,86,100,7.56
467,Koping,SE,2022-04-11 01:25:59,59.514,15.9926,36.9,85,57,3.76
468,Usinsk,RU,2022-04-11 01:25:59,65.9939,57.5281,36.16,100,100,17.2
469,Coro,VE,2022-04-11 01:26:00,11.4045,-69.6734,78.08,80,90,16.87
470,Ahuimanu,US,2022-04-11 01:26:00,21.4447,-157.8378,83.91,69,75,19.57
471,Bolshaya Sosnova,RU,2022-04-11 01:26:01,57.6713,54.6029,37.47,90,100,5.86
472,Kahului,US,2022-04-11 01:26:02,20.8947,-156.47,84.22,62,40,20.71
473,Kuandian,CN,2022-04-11 01:26:02,40.7286,124.7847,59.36,67,99,9.22
474,Newport,GB,2022-04-11 01:22:43,51.5877,-2.9984,46.63,70,100,9.44
475,Macusani,PE,2022-04-11 01:26:03,-14.0833,-70.4333,37.96,91,82,1.48
476,Rundu,NA,2022-04-11 01:26:03,-17.9333,19.7667,64.02,93,49,5.64
477,Broken Hill,AU,2022-04-11 01:26:04,-31.95,141.4333,76.71,38,0,10.36
478,Northam,GB,2022-04-11 01:26:04,51.0333,-4.2167,49.24,69,100,20.56
479,Corsicana,US,2022-04-11 01:26:05,32.0954,-96.4689,73.45,70,20,20.71
480,Red Bluff,US,2022-04-11 01:25:33,40.1785,-122.2358,70.86,19,0,17.27
481,Vila,PT,2022-04-11 01:26:06,42.0304,-8.1588,46.71,79,78,5.88
482,Bandrele,YT,2022-04-11 01:26:06,-12.9067,45.1914,82.15,83,75,13.8
483,Texarkana,US,2022-04-11 01:25:45,33.4251,-94.0477,79.02,44,75,14.97
484,Altay,CN,2022-04-11 01:26:07,47.8667,88.1167,34.02,45,0,4.38
485,Nishihara,JP,2022-04-11 01:26:07,26.1842,127.7558,76.28,92,100,13.8
486,La Tuque,CA,2022-04-11 01:26:08,47.4334,-72.7824,37.65,60,82,9.22
487,Humaita,BR,2022-04-11 01:26:09,-7.5061,-63.0208,74.41,98,99,2.06
488,Dicabisagan,PH,2022-04-11 01:26:09,17.0818,122.4157,82.47,74,72,4.94
489,Alice Springs,AU,2022-04-11 01:25:19,-23.7,133.8833,85.55,25,100,14.97
490,Taiobeiras,BR,2022-04-11 01:26:10,-15.8078,-42.2331,71.46,65,43,1.74
491,Micheweni,TZ,2022-04-11 01:26:11,-4.9667,39.8333,81.34,76,100,10.76
492,Ayan,RU,2022-04-11 01:26:11,56.45,138.1667,25.3,82,100,8.63
493,Baghmara,IN,2022-04-11 01:26:12,23.795,86.2085,79.93,55,0,3.06
494,Berdigestyakh,RU,2022-04-11 01:26:12,62.0989,126.6992,19.45,73,0,3.98
495,Santa Marta,CO,2022-04-11 01:24:16,11.2408,-74.199,84.25,66,20,21.99
496,Viedma,AR,2022-04-11 01:26:13,-40.8135,-62.9967,56.39,51,10,5.64
497,Iberia,US,2022-04-11 01:21:50,29.9502,-91.7507,69.87,68,0,13.8
498,College Place,US,2022-04-11 01:26:14,46.0493,-118.3883,46.87,61,75,7.0
499,Chumikan,RU,2022-04-11 01:26:14,54.7183,135.315,23.47,85,100,19.84
500,Ucluelet,CA,2022-04-11 01:26:15,48.9329,-125.5528,46.09,70,48,1.01
501,Cienaga De Oro,CO,2022-04-11 01:26:15,8.8744,-75.6203,78.55,86,100,9.26
502,Havoysund,NO,2022-04-11 01:27:16,70.9963,24.6622,37.63,82,100,23.96
503,Tanout,NE,2022-04-11 01:27:16,14.9709,8.8879,81.18,7,6,3.09
504,Tawang,IN,2022-04-11 01:27:17,27.5833,91.8667,47.68,75,100,1.16
505,Portland,US,2022-04-11 01:25:31,45.5234,-122.6762,44.2,89,100,5.75
506,Ust-Kuyga,RU,2022-04-11 01:27:18,70.0167,135.6,4.78,86,100,7.83
507,Wuwei,CN,2022-04-11 01:27:18,37.9281,102.6414,46.71,25,100,5.37
508,Mecca,SA,2022-04-11 01:27:19,21.4267,39.8261,79.7,29,0,2.84
509,Ayr,GB,2022-04-11 01:27:20,55.4627,-4.6339,44.58,61,0,8.05
510,Nyurba,RU,2022-04-11 01:27:20,63.2842,118.3319,19.76,93,100,4.27
511,Hovd,MN,2022-04-11 01:27:21,48.0056,91.6419,29.05,32,100,1.01
512,Edd,ER,2022-04-11 01:27:21,13.9297,41.6925,87.89,34,0,20.67
513,Bubanza,BI,2022-04-11 01:27:22,-3.1167,29.4,67.55,85,100,3.0
514,Pueblo Nuevo,MX,2022-04-11 01:27:22,23.3833,-105.3833,59.95,51,0,5.48
515,Bentiu,SS,2022-04-11 01:27:22,9.2333,29.8333,83.19,47,99,5.59
516,Bukama,CD,2022-04-11 01:27:23,-9.2,25.85,66.54,96,100,3.4
517,Asau,RO,2022-04-11 01:27:23,46.4333,26.4,40.28,85,100,6.98
518,Honningsvag,NO,2022-04-11 01:27:24,70.9821,25.9704,37.15,81,75,25.32
519,Shaowu,CN,2022-04-11 01:27:24,27.3409,117.4831,74.32,60,66,2.39
520,Sorland,NO,2022-04-11 01:27:25,67.667,12.6934,39.15,62,10,14.27
521,Trenggalek,ID,2022-04-11 01:27:25,-8.05,111.7167,80.06,83,23,2.89
522,Severnoye,RU,2022-04-11 01:27:26,56.3491,78.3619,21.58,92,25,3.6
523,Hvolsvollur,IS,2022-04-11 01:27:26,63.7533,-20.2243,36.86,66,100,8.59
524,Oblivskaya,RU,2022-04-11 01:27:26,48.5362,42.5014,52.7,67,100,8.81
525,Kenitra,MA,2022-04-11 01:26:29,34.261,-6.5802,59.76,84,0,7.74
526,Talaya,RU,2022-04-11 01:27:27,61.3833,152.75,-3.32,86,94,4.16
527,Kieta,PG,2022-04-11 01:27:27,-6.2167,155.6333,85.12,67,100,3.67
528,Kalemie,CD,2022-04-11 01:27:28,-5.9475,29.1947,70.3,84,100,2.46
529,Naliya,IN,2022-04-11 01:27:29,23.2667,68.8333,77.09,82,39,10.38
530,Jonesboro,US,2022-04-11 01:22:37,35.8423,-90.7043,74.97,38,0,14.97
531,Dunhua,CN,2022-04-11 01:27:29,43.3725,128.2425,62.04,32,100,9.91
532,Bacungan,PH,2022-04-11 01:27:30,9.9106,118.7022,79.9,84,100,5.39
533,Shache,CN,2022-04-11 01:27:31,38.4167,77.2406,62.92,23,8,8.9
534,Sunrise Manor,US,2022-04-11 01:27:05,36.2111,-115.0731,75.29,7,0,3.44
535,Sioux Lookout,CA,2022-04-11 01:26:33,50.1001,-91.917,39.27,70,100,6.91
536,Kupang,ID,2022-04-11 01:27:31,-10.1667,123.5833,82.8,70,35,6.2
537,Finnsnes,NO,2022-04-11 01:27:32,69.2296,17.9811,25.41,82,95,3.96
538,Kalashnikovo,RU,2022-04-11 01:27:33,57.2824,35.2262,31.64,92,100,2.42
539,Timra,SE,2022-04-11 01:27:33,62.487,17.3257,38.88,60,100,13.8
540,Abu Samrah,SY,2022-04-11 01:27:33,35.3029,37.1841,58.69,59,99,1.57
541,Barroquinha,BR,2022-04-11 01:27:34,-3.0189,-41.1361,73.45,96,100,2.66
542,Beloha,MG,2022-04-11 01:27:34,-25.1667,45.05,72.25,84,65,17.43
543,Pala,TD,2022-04-11 01:27:35,9.3642,14.9046,85.71,37,100,4.03
544,Luba,GQ,2022-04-11 01:27:35,3.4568,8.5547,81.12,80,67,5.57
545,Antsohihy,MG,2022-04-11 01:27:36,-14.8796,47.9875,76.68,76,6,9.28
546,Whitehorse,CA,2022-04-11 01:25:47,60.7161,-135.0538,28.02,40,75,9.22
547,Lakes Entrance,AU,2022-04-11 01:28:37,-37.8811,147.981,59.32,86,100,14.12
548,Ust-Nera,RU,2022-04-11 01:28:37,64.5667,143.2,3.11,85,14,5.61
549,Guaxupe,BR,2022-04-11 01:28:38,-21.3053,-46.7128,65.93,90,27,2.77
550,Taksimo,RU,2022-04-11 01:25:03,56.3444,114.8794,25.16,76,90,1.5
551,Castro,BR,2022-04-11 01:28:39,-24.7911,-50.0119,60.53,87,100,5.23
552,Urucui,BR,2022-04-11 01:28:39,-7.2294,-44.5561,75.65,90,95,3.29
553,Goundam,ML,2022-04-11 01:28:40,16.4145,-3.6708,83.5,8,0,10.29
